<assembly xmlns="http://maven.apache.org/plugins/maven-assembly-plugin/assembly/1.1.0"
          xmlns:xsi="http://www.w3.org/2001/XMLSchema-instance"
          xsi:schemaLocation="http://maven.apache.org/plugins/maven-assembly-plugin/assembly/1.1.0 http://maven.apache.org/xsd/assembly-1.1.0.xsd
http://maven.apache.org/plugins/maven-assembly-plugin/assembly/1.1.0 ">
    <id>src</id>
    <formats>
        <format>jar</format>
    </formats>
    <fileSets>
        <fileSet>
            <directory>${project.basedir}/src</directory>
            <includes>
                <include>**</include>
                <include>*.java</include>
            </includes>
            <useDefaultExcludes>false</useDefaultExcludes>
        </fileSet>
    </fileSets>
</assembly>